{
  "version": 1,
  "author": "Anonymous maker",
  "editor": "wokwi",
  "parts": [
    {
      "type": "wokwi-breadboard-half",
      "id": "bb1",
      "top": 274.5,
      "left": 176.1,
      "rotate": 90,
      "attrs": {}
    },
    { "type": "board-esp32-devkit-c-v4", "id": "esp", "top": 316.8, "left": 72.04, "attrs": {} },
    {
      "type": "wokwi-led",
      "id": "led1",
      "top": 296.8,
      "left": 289.4,
      "rotate": 270,
      "attrs": { "color": "yellow" }
    },
    {
      "type": "wokwi-led",
      "id": "led2",
      "top": 325.6,
      "left": 289.4,
      "rotate": 270,
      "attrs": { "color": "yellow" }
    },
    {
      "type": "wokwi-led",
      "id": "led3",
      "top": 354.4,
      "left": 289.4,
      "rotate": 270,
      "attrs": { "color": "yellow" }
    },
    {
      "type": "wokwi-led",
      "id": "led4",
      "top": 383.2,
      "left": 289.4,
      "rotate": 270,
      "attrs": { "color": "limegreen" }
    },
    {
      "type": "wokwi-led",
      "id": "led5",
      "top": 412,
      "left": 289.4,
      "rotate": 270,
      "attrs": { "color": "red" }
    },
    {
      "type": "wokwi-led",
      "id": "led6",
      "top": 296.4,
      "left": 352.2,
      "rotate": 90,
      "attrs": { "color": "yellow" }
    },
    {
      "type": "wokwi-led",
      "id": "led7",
      "top": 325.2,
      "left": 352.2,
      "rotate": 90,
      "attrs": { "color": "yellow" }
    },
    {
      "type": "wokwi-led",
      "id": "led8",
      "top": 354,
      "left": 352.2,
      "rotate": 90,
      "attrs": { "color": "yellow" }
    },
    {
      "type": "wokwi-led",
      "id": "led9",
      "top": 382.8,
      "left": 352.2,
      "rotate": 90,
      "attrs": { "color": "limegreen" }
    },
    {
      "type": "wokwi-led",
      "id": "led10",
      "top": 411.6,
      "left": 352.2,
      "rotate": 90,
      "attrs": { "color": "red" }
    },
    {
      "type": "wokwi-led",
      "id": "led13",
      "top": 238.8,
      "left": 352.2,
      "rotate": 90,
      "attrs": { "color": "orange" }
    },
    {
      "type": "wokwi-led",
      "id": "led14",
      "top": 267.6,
      "left": 352.2,
      "rotate": 90,
      "attrs": { "color": "orange" }
    },
    {
      "type": "wokwi-led",
      "id": "led15",
      "top": 239.2,
      "left": 289.4,
      "rotate": 270,
      "attrs": { "color": "orange" }
    },
    {
      "type": "wokwi-led",
      "id": "led16",
      "top": 268,
      "left": 289.4,
      "rotate": 270,
      "attrs": { "color": "orange" }
    }
  ],
  "connections": [
    [ "esp:TX", "$serialMonitor:RX", "", [] ],
    [ "esp:RX", "$serialMonitor:TX", "", [] ],
    [ "esp:2", "bb1:9b.j", "red", [ "h27.14", "v-142.86" ] ],
    [ "esp:4", "bb1:12b.j", "orange", [ "h17.54", "v-94.86" ] ],
    [ "esp:5", "bb1:18b.j", "limegreen", [ "h36.74", "v-8.46" ] ],
    [ "esp:15", "bb1:15b.j", "gold", [ "v1.14", "h36.74", "v-96" ] ],
    [ "bb1:bn.25", "esp:GND.2", "black", [ "h-46.7", "v-190.4" ] ],
    [ "esp:16", "bb1:21b.j", "cyan", [ "h0" ] ],
    [ "bb1:bn.8", "bb1:10b.j", "green", [ "h0" ] ],
    [ "bb1:bn.16", "bb1:19b.j", "green", [ "h1.3", "v-8" ] ],
    [ "bb1:bn.11", "bb1:13b.j", "green", [ "h1.3", "v-8" ] ],
    [ "bb1:bn.18", "bb1:22b.j", "green", [ "h0" ] ],
    [ "bb1:bn.13", "bb1:16b.j", "green", [ "h0" ] ],
    [ "bb1:bn.4", "bb1:4b.i", "green", [ "h0" ] ],
    [ "esp:14", "bb1:3b.i", "green", [ "h-9.45", "v-230.4", "h230.4" ] ],
    [ "bb1:bn.24", "bb1:tn.24", "green", [ "h1.3", "v59.2", "h172.8" ] ],
    [ "led9:A", "bb1:19t.e", "", [ "$bb" ] ],
    [ "led9:C", "bb1:18t.e", "", [ "$bb" ] ],
    [ "led10:A", "bb1:22t.e", "", [ "$bb" ] ],
    [ "led10:C", "bb1:21t.e", "", [ "$bb" ] ],
    [ "led13:A", "bb1:4t.e", "", [ "$bb" ] ],
    [ "led13:C", "bb1:3t.e", "", [ "$bb" ] ],
    [ "led4:A", "bb1:18b.f", "", [ "$bb" ] ],
    [ "led4:C", "bb1:19b.f", "", [ "$bb" ] ],
    [ "led5:A", "bb1:21b.f", "", [ "$bb" ] ],
    [ "led5:C", "bb1:22b.f", "", [ "$bb" ] ],
    [ "led15:A", "bb1:3b.f", "", [ "$bb" ] ],
    [ "led15:C", "bb1:4b.f", "", [ "$bb" ] ],
    [ "led16:A", "bb1:6b.f", "", [ "$bb" ] ],
    [ "led16:C", "bb1:7b.f", "", [ "$bb" ] ],
    [ "led1:A", "bb1:9b.f", "", [ "$bb" ] ],
    [ "led1:C", "bb1:10b.f", "", [ "$bb" ] ],
    [ "led2:A", "bb1:12b.f", "", [ "$bb" ] ],
    [ "led2:C", "bb1:13b.f", "", [ "$bb" ] ],
    [ "led3:A", "bb1:15b.f", "", [ "$bb" ] ],
    [ "led3:C", "bb1:16b.f", "", [ "$bb" ] ],
    [ "led8:A", "bb1:16t.e", "", [ "$bb" ] ],
    [ "led8:C", "bb1:15t.e", "", [ "$bb" ] ],
    [ "led6:A", "bb1:10t.e", "", [ "$bb" ] ],
    [ "led6:C", "bb1:9t.e", "", [ "$bb" ] ],
    [ "led7:A", "bb1:13t.e", "", [ "$bb" ] ],
    [ "led7:C", "bb1:12t.e", "", [ "$bb" ] ],
    [ "led14:A", "bb1:7t.e", "", [ "$bb" ] ],
    [ "led14:C", "bb1:6t.e", "", [ "$bb" ] ],
    [ "bb1:bn.6", "bb1:7b.j", "green", [ "h1.3", "v-8" ] ],
    [ "bb1:6b.j", "esp:12", "green", [ "h-278.4", "h-9.6", "v172.8" ] ]
  ],
  "dependencies": {}
}