{
  "version": 1,
  "author": "Caique Gerolim",
  "editor": "wokwi",
  "parts": [
    { "type": "board-esp32-devkit-c-v4", "id": "esp", "top": 0, "left": 0, "attrs": {} },
    {
      "type": "wokwi-led",
      "id": "led1",
      "top": 44.4,
      "left": 138.2,
      "attrs": { "color": "orange" }
    },
    {
      "type": "wokwi-resistor",
      "id": "r1",
      "top": 128.75,
      "left": 134.4,
      "rotate": 90,
      "attrs": { "value": "100" }
    },
    {
      "type": "wokwi-pushbutton",
      "id": "btn1",
      "top": 63.8,
      "left": 192,
      "attrs": { "color": "red" }
    }
  ],
  "connections": [
    [ "esp:TX", "$serialMonitor:RX", "", [] ],
    [ "esp:RX", "$serialMonitor:TX", "", [] ],
    [ "esp:GND.2", "led1:C", "black", [ "h4.84", "v57.6" ] ],
    [ "led1:A", "r1:1", "red", [ "v0" ] ],
    [ "r1:2", "esp:2", "red", [ "v18.85", "h-58.15", "v-19.2" ] ],
    [ "esp:GND.2", "btn1:1.l", "black", [ "v0", "h91.24" ] ],
    [ "btn1:2.l", "esp:4", "red", [ "v105.8", "h-86.4", "v-57.6" ] ]
  ],
  "dependencies": {}
}